{"Success": 75735.07462686567, "Failure": 85929.34782608696}